{
  "timestamp": "20260416_121123",
  "evaluation_split": "test",
  "depth_metrics": {
    "aggregated": {
      "MAE": 0.07014838606119156,
      "RMSE": 0.1257220357656479,
      "NSE": 0.7830963134765625
    },
    "per_sensor": {
      "MAE": [
        0.08599387109279633,
        0.02289767377078533,
        0.03411013260483742,
        0.059770312160253525,
        0.14796991646289825
      ],
      "RMSE": [
        0.21866336464881897,
        0.035530030727386475,
        0.07562188059091568,
        0.10259193181991577,
        0.19620297849178314
      ],
      "NSE": [
        0.9735904932022095,
        0.7571949362754822,
        0.9125492572784424,
        0.9929693341255188,
        0.2791776657104492
      ]
    }
  },
  "hydrological_metrics": {
    "aggregated": {
      "Peak_Flow_Error": 16.086458206176758,
      "Time_to_Peak_Error": 833.8,
      "Volume_Error": 2.2773895263671875,
      "Lag_Time": 0.2
    },
    "per_sensor": {
      "Peak_Flow_Error": [
        5.694690227508545,
        38.459022521972656,
        14.374652862548828,
        5.126105785369873,
        16.777816772460938
      ],
      "Time_to_Peak_Error": [
        6,
        2329,
        1409,
        413,
        12
      ],
      "Volume_Error": [
        4.300594329833984,
        2.719618558883667,
        0.8913712501525879,
        0.5825617909431458,
        2.892801284790039
      ],
      "Lag_Time": [
        0.0,
        1.0,
        0.0,
        0.0,
        0.0
      ]
    }
  },
  "overflow_metrics": {
    "F1": 0.14271749755620725,
    "Precision": 0.08220720720720721,
    "Recall": 0.5407407407407407,
    "ROC-AUC": 0.8440660573993909
  },
  "overflow_threshold": 0.0001677894761087373,
  "overflow_threshold_source": "artifact:/content/bellinge/artifacts/thresholds/gru_val_threshold.json"
}
