{
  "timestamp": "20260416_121641",
  "evaluation_split": "test",
  "depth_metrics": {
    "aggregated": {
      "MAE": 0.08001919090747833,
      "RMSE": 0.13555756211280823,
      "NSE": 0.6690114140510559
    },
    "per_sensor": {
      "MAE": [
        0.0677030086517334,
        0.03713470324873924,
        0.03239006921648979,
        0.06496966630220413,
        0.1978984922170639
      ],
      "RMSE": [
        0.20440413057804108,
        0.05242270231246948,
        0.06375687569379807,
        0.12254296243190765,
        0.23466117680072784
      ],
      "NSE": [
        0.9769225716590881,
        0.4714258313179016,
        0.9378383159637451,
        0.98996901512146,
        -0.031098484992980957
      ]
    }
  },
  "hydrological_metrics": {
    "aggregated": {
      "Peak_Flow_Error": 12.928070068359375,
      "Time_to_Peak_Error": 1221.8,
      "Volume_Error": 2.879777431488037,
      "Lag_Time": 0.4
    },
    "per_sensor": {
      "Peak_Flow_Error": [
        8.552987098693848,
        45.349876403808594,
        0.812808632850647,
        5.150527000427246,
        4.7741475105285645
      ],
      "Time_to_Peak_Error": [
        2347,
        3161,
        593,
        1,
        7
      ],
      "Volume_Error": [
        1.6708579063415527,
        0.01917492412030697,
        2.6786646842956543,
        1.719761610031128,
        8.31042766571045
      ],
      "Lag_Time": [
        0.0,
        1.0,
        0.0,
        0.0,
        1.0
      ]
    }
  },
  "overflow_metrics": {
    "F1": 0.1054172767203514,
    "Precision": 0.05848903330625508,
    "Recall": 0.5333333333333333,
    "ROC-AUC": 0.7236423761423763
  },
  "overflow_threshold": 0.0009180216584354639,
  "overflow_threshold_source": "artifact:/content/bellinge/artifacts/thresholds/mlp_val_threshold.json"
}
