{
  "timestamp": "20260416_121518",
  "evaluation_split": "test",
  "depth_metrics": {
    "aggregated": {
      "MAE": 0.0759589672088623,
      "RMSE": 0.1326911747455597,
      "NSE": 0.7301784157752991
    },
    "per_sensor": {
      "MAE": [
        0.07086429744958878,
        0.020581897348165512,
        0.04691343382000923,
        0.04567182436585426,
        0.19576339423656464
      ],
      "RMSE": [
        0.2170283943414688,
        0.03442066162824631,
        0.08082030713558197,
        0.10142909735441208,
        0.2297574132680893
      ],
      "NSE": [
        0.9739840030670166,
        0.7721208333969116,
        0.9001129269599915,
        0.9931278228759766,
        0.011546432971954346
      ]
    }
  },
  "hydrological_metrics": {
    "aggregated": {
      "Peak_Flow_Error": 16.353395462036133,
      "Time_to_Peak_Error": 1182.0,
      "Volume_Error": 2.2418296337127686,
      "Lag_Time": 0.6
    },
    "per_sensor": {
      "Peak_Flow_Error": [
        6.024392127990723,
        32.66745376586914,
        34.386474609375,
        2.1929502487182617,
        6.495703220367432
      ],
      "Time_to_Peak_Error": [
        1153,
        993,
        3754,
        2,
        8
      ],
      "Volume_Error": [
        0.8094230890274048,
        0.037877924740314484,
        3.756319761276245,
        0.1416812688112259,
        6.4638471603393555
      ],
      "Lag_Time": [
        0.0,
        1.0,
        0.0,
        0.0,
        2.0
      ]
    }
  },
  "overflow_metrics": {
    "F1": 0.15011547344110854,
    "Precision": 0.08891928864569083,
    "Recall": 0.48148148148148145,
    "ROC-AUC": 0.8975404842071508
  },
  "overflow_threshold": 0.00014674634439870715,
  "overflow_threshold_source": "artifact:/content/bellinge/artifacts/thresholds/tcn_val_threshold.json"
}
