model,all_nse,all_rmse,all_mae,all_peak_flow_error,non_pump_nse,non_pump_rmse,non_pump_mae,pump_nse,pump_rmse,pump_mae,pump_peak_flow_error,pump_volume_error
dual-branch LNN,0.8489488363265991,0.1071305051445961,0.049208272248506546,13.735074996948242,0.946345180273056,0.09143320191651583,0.0302395261824131,0.4593636393547058,0.1699196696281433,0.12508325278759003,6.858588218688965,2.0799617767333984
GRU,0.7830963134765625,0.1257220357656479,0.07014838606119156,16.086458206176758,0.9090760052204132,0.10810180194675922,0.05069299740716815,0.2791776657104492,0.19620297849178314,0.14796991646289825,16.777816772460938,2.892801284790039
best stable LNN,0.7580544352531433,0.11911352723836899,0.06636171042919159,9.19294261932373,0.9441917538642883,0.0915094860829413,0.03501604311168194,0.013504862785339355,0.22952969372272491,0.1917443722486496,0.8241235017776489,2.908320665359497
TCN,0.7301784157752991,0.1326911747455597,0.0759589672088623,16.353395462036133,0.9098363965749741,0.10842461511492729,0.046007863245904446,0.011546432971954346,0.2297574132680893,0.19576339423656464,6.495703220367432,6.4638471603393555
LSTM,0.7157118916511536,0.14116528630256653,0.06886626780033112,17.006465911865234,0.8634313941001892,0.12240895163267851,0.04617737838998437,0.12483417987823486,0.2161906510591507,0.15962184965610504,32.75046920776367,7.78291654586792
MLP,0.6690114140510559,0.13555756211280823,0.08001919090747833,12.928070068359375,0.8440389335155487,0.11078166775405407,0.05054936185479164,-0.031098484992980957,0.23466117680072784,0.1978984922170639,4.7741475105285645,8.31042766571045
