model,G71F05R_LevelBasin,G71F05R_LevelInlet,G71F05R_position,G71F68Y_LevelPS,G80F13P_LevelPS
GRU,0.08599387109279633,0.02289767377078533,0.03411013260483742,0.059770312160253525,0.14796991646289825
LSTM,0.067963145673275,0.022074485197663307,0.05556835979223251,0.03910352289676666,0.15962184965610504
MLP,0.0677030086517334,0.03713470324873924,0.03239006921648979,0.06496966630220413,0.1978984922170639
TCN,0.07086429744958878,0.020581897348165512,0.04691343382000923,0.04567182436585426,0.19576339423656464
best stable LNN,0.059207748621702194,0.01457308605313301,0.03242591395974159,0.033857423812150955,0.1917443722486496
dual-branch LNN,0.04781896993517876,0.012866608798503876,0.030271317809820175,0.030001208186149597,0.12508325278759003
