model,G71F05R_LevelBasin,G71F05R_LevelInlet,G71F05R_position,G71F68Y_LevelPS,G80F13P_LevelPS
GRU,0.9735904932022095,0.7571949362754822,0.9125492572784424,0.9929693341255188,0.2791776657104492
LSTM,0.9723109006881714,0.7993094325065613,0.687576413154602,0.9945288300514221,0.12483417987823486
MLP,0.9769225716590881,0.4714258313179016,0.9378383159637451,0.98996901512146,-0.031098484992980957
TCN,0.9739840030670166,0.7721208333969116,0.9001129269599915,0.9931278228759766,0.011546432971954346
best stable LNN,0.9794865846633911,0.8802237510681152,0.9209635257720947,0.9960931539535522,0.013504862785339355
dual-branch LNN,0.978538453578949,0.892351508140564,0.9179245233535767,0.9965662360191345,0.4593636393547058
