model,G71F05R_LevelBasin,G71F05R_LevelInlet,G71F05R_position,G71F68Y_LevelPS,G80F13P_LevelPS
GRU,0.21866336464881897,0.035530030727386475,0.07562188059091568,0.10259193181991577,0.19620297849178314
LSTM,0.2238980084657669,0.03230202570557594,0.14293436706066132,0.09050140529870987,0.2161906510591507
MLP,0.20440413057804108,0.05242270231246948,0.06375687569379807,0.12254296243190765,0.23466117680072784
TCN,0.2170283943414688,0.03442066162824631,0.08082030713558197,0.10142909735441208,0.2297574132680893
best stable LNN,0.19271491467952728,0.024954671040177345,0.07189173996448517,0.07647661864757538,0.22952969372272491
dual-branch LNN,0.1971176266670227,0.023657601326704025,0.07326094061136246,0.07169663906097412,0.1699196696281433
