{
  "timestamp": "20260416_121317",
  "evaluation_split": "test",
  "depth_metrics": {
    "aggregated": {
      "MAE": 0.06886626780033112,
      "RMSE": 0.14116528630256653,
      "NSE": 0.7157118916511536
    },
    "per_sensor": {
      "MAE": [
        0.067963145673275,
        0.022074485197663307,
        0.05556835979223251,
        0.03910352289676666,
        0.15962184965610504
      ],
      "RMSE": [
        0.2238980084657669,
        0.03230202570557594,
        0.14293436706066132,
        0.09050140529870987,
        0.2161906510591507
      ],
      "NSE": [
        0.9723109006881714,
        0.7993094325065613,
        0.687576413154602,
        0.9945288300514221,
        0.12483417987823486
      ]
    }
  },
  "hydrological_metrics": {
    "aggregated": {
      "Peak_Flow_Error": 17.006465911865234,
      "Time_to_Peak_Error": 832.2,
      "Volume_Error": 5.198613166809082,
      "Lag_Time": 0.2
    },
    "per_sensor": {
      "Peak_Flow_Error": [
        5.3436055183410645,
        36.96467971801758,
        4.8963823318481445,
        5.0771894454956055,
        32.75046920776367
      ],
      "Time_to_Peak_Error": [
        1,
        1445,
        2708,
        1,
        6
      ],
      "Volume_Error": [
        5.600579261779785,
        3.3661015033721924,
        8.228715896606445,
        1.01475191116333,
        7.78291654586792
      ],
      "Lag_Time": [
        0.0,
        1.0,
        0.0,
        0.0,
        0.0
      ]
    }
  },
  "overflow_metrics": {
    "F1": 0.09473684210526316,
    "Precision": 0.05198555956678701,
    "Recall": 0.5333333333333333,
    "ROC-AUC": 0.7644765111431779
  },
  "overflow_threshold": 0.00010372514952905476,
  "overflow_threshold_source": "artifact:/content/bellinge/artifacts/thresholds/lstm_val_threshold.json"
}
